date,item,units_sold,unit_price_lkr,day_of_week,is_holiday,rainy,promo
2026-01-01,Croissant,46,280,3,0,0,0
2026-01-01,Pain au chocolat,28,320,3,0,0,0
2026-01-01,Sourdough Loaf,13,850,3,0,0,0
2026-01-01,Cinnamon Roll,27,250,3,0,0,0
2026-01-01,Espresso,61,450,3,0,0,0
2026-01-02,Croissant,50,280,4,0,1,0
2026-01-02,Pain au chocolat,35,320,4,0,1,0
2026-01-02,Sourdough Loaf,14,850,4,0,1,0
2026-01-02,Cinnamon Roll,27,250,4,0,1,0
2026-01-02,Espresso,66,450,4,0,1,0
2026-01-03,Croissant,68,280,5,0,0,0
2026-01-03,Pain au chocolat,44,320,5,0,0,0
2026-01-03,Sourdough Loaf,20,850,5,0,0,0
2026-01-03,Cinnamon Roll,34,250,5,0,0,0
2026-01-03,Espresso,78,450,5,0,0,0
2026-01-04,Croissant,73,280,6,0,0,0
2026-01-04,Pain au chocolat,47,320,6,0,0,0
2026-01-04,Sourdough Loaf,22,850,6,0,0,0
2026-01-04,Cinnamon Roll,38,250,6,0,0,0
2026-01-04,Espresso,84,450,6,0,0,0
2026-01-05,Croissant,43,280,0,0,0,0
2026-01-05,Pain au chocolat,25,320,0,0,0,0
2026-01-05,Sourdough Loaf,12,850,0,0,0,0
2026-01-05,Cinnamon Roll,19,250,0,0,0,0
2026-01-05,Espresso,58,450,0,0,0,0
2026-01-06,Croissant,38,280,1,0,0,0
2026-01-06,Pain au chocolat,23,320,1,0,0,0
2026-01-06,Sourdough Loaf,10,850,1,0,0,0
2026-01-06,Cinnamon Roll,17,250,1,0,0,0
2026-01-06,Espresso,54,450,1,0,0,0
2026-01-07,Croissant,41,280,2,0,0,0
2026-01-07,Pain au chocolat,28,320,2,0,0,0
2026-01-07,Sourdough Loaf,11,850,2,0,0,0
2026-01-07,Cinnamon Roll,21,250,2,0,0,0
2026-01-07,Espresso,60,450,2,0,0,0
2026-01-08,Croissant,39,280,3,0,1,0
2026-01-08,Pain au chocolat,26,320,3,0,1,0
2026-01-08,Sourdough Loaf,11,850,3,0,1,0
2026-01-08,Cinnamon Roll,21,250,3,0,1,0
2026-01-08,Espresso,58,450,3,0,1,0
2026-01-09,Croissant,57,280,4,0,0,0
2026-01-09,Pain au chocolat,35,320,4,0,0,0
2026-01-09,Sourdough Loaf,15,850,4,0,0,0
2026-01-09,Cinnamon Roll,30,250,4,0,0,0
2026-01-09,Espresso,65,450,4,0,0,0
2026-01-10,Croissant,62,280,5,0,1,0
2026-01-10,Pain au chocolat,40,320,5,0,1,0
2026-01-10,Sourdough Loaf,19,850,5,0,1,0
2026-01-10,Cinnamon Roll,36,250,5,0,1,0
2026-01-10,Espresso,71,450,5,0,1,0
2026-01-11,Croissant,76,280,6,0,0,0
2026-01-11,Pain au chocolat,49,320,6,0,0,0
2026-01-11,Sourdough Loaf,21,850,6,0,0,0
2026-01-11,Cinnamon Roll,41,250,6,0,0,0
2026-01-11,Espresso,95,450,6,0,0,0
2026-01-12,Croissant,42,280,0,0,0,0
2026-01-12,Pain au chocolat,24,320,0,0,0,0
2026-01-12,Sourdough Loaf,12,850,0,0,0,0
2026-01-12,Cinnamon Roll,20,250,0,0,0,0
2026-01-12,Espresso,63,450,0,0,0,0
2026-01-13,Croissant,34,280,1,0,1,0
2026-01-13,Pain au chocolat,22,320,1,0,1,0
2026-01-13,Sourdough Loaf,9,850,1,0,1,0
2026-01-13,Cinnamon Roll,15,250,1,0,1,0
2026-01-13,Espresso,53,450,1,0,1,0
2026-01-14,Croissant,45,280,2,0,0,0
2026-01-14,Pain au chocolat,26,320,2,0,0,0
2026-01-14,Sourdough Loaf,12,850,2,0,0,0
2026-01-14,Cinnamon Roll,22,250,2,0,0,0
2026-01-14,Espresso,56,450,2,0,0,0
2026-01-15,Croissant,46,280,3,0,0,0
2026-01-15,Pain au chocolat,30,320,3,0,0,0
2026-01-15,Sourdough Loaf,13,850,3,0,0,0
2026-01-15,Cinnamon Roll,27,250,3,0,0,0
2026-01-15,Espresso,54,450,3,0,0,0
2026-01-16,Croissant,57,280,4,0,0,0
2026-01-16,Pain au chocolat,35,320,4,0,0,0
2026-01-16,Sourdough Loaf,15,850,4,0,0,0
2026-01-16,Cinnamon Roll,30,250,4,0,0,0
2026-01-16,Espresso,63,450,4,0,0,0
2026-01-17,Croissant,69,280,5,0,0,0
2026-01-17,Pain au chocolat,46,320,5,0,0,0
2026-01-17,Sourdough Loaf,21,850,5,0,0,0
2026-01-17,Cinnamon Roll,37,250,5,0,0,0
2026-01-17,Espresso,82,450,5,0,0,0
2026-01-18,Croissant,73,280,6,0,0,0
2026-01-18,Pain au chocolat,52,320,6,0,0,0
2026-01-18,Sourdough Loaf,22,850,6,0,0,0
2026-01-18,Cinnamon Roll,39,250,6,0,0,0
2026-01-18,Espresso,92,450,6,0,0,0
2026-01-19,Croissant,40,280,0,0,0,0
2026-01-19,Pain au chocolat,26,320,0,0,0,0
2026-01-19,Sourdough Loaf,12,850,0,0,0,0
2026-01-19,Cinnamon Roll,20,250,0,0,0,0
2026-01-19,Espresso,59,450,0,0,0,0
2026-01-20,Croissant,32,280,1,0,1,0
2026-01-20,Pain au chocolat,22,320,1,0,1,0
2026-01-20,Sourdough Loaf,9,850,1,0,1,0
2026-01-20,Cinnamon Roll,17,250,1,0,1,0
2026-01-20,Espresso,50,450,1,0,1,0
2026-01-21,Croissant,39,280,2,0,0,0
2026-01-21,Pain au chocolat,25,320,2,0,0,0
2026-01-21,Sourdough Loaf,11,850,2,0,0,0
2026-01-21,Cinnamon Roll,21,250,2,0,0,0
2026-01-21,Espresso,58,450,2,0,0,0
2026-01-22,Croissant,46,280,3,0,0,0
2026-01-22,Pain au chocolat,31,320,3,0,0,0
2026-01-22,Sourdough Loaf,13,850,3,0,0,0
2026-01-22,Cinnamon Roll,25,250,3,0,0,0
2026-01-22,Espresso,62,450,3,0,0,0
2026-01-23,Croissant,50,280,4,0,0,0
2026-01-23,Pain au chocolat,35,320,4,0,0,0
2026-01-23,Sourdough Loaf,15,850,4,0,0,0
2026-01-23,Cinnamon Roll,34,250,4,0,0,0
2026-01-23,Espresso,69,450,4,0,0,0
2026-01-24,Croissant,71,280,5,0,0,0
2026-01-24,Pain au chocolat,45,320,5,0,0,0
2026-01-24,Sourdough Loaf,19,850,5,0,0,0
2026-01-24,Cinnamon Roll,40,250,5,0,0,0
2026-01-24,Espresso,88,450,5,0,0,0
2026-01-25,Croissant,78,280,6,0,0,0
2026-01-25,Pain au chocolat,48,320,6,0,0,0
2026-01-25,Sourdough Loaf,24,850,6,0,0,0
2026-01-25,Cinnamon Roll,37,250,6,0,0,0
2026-01-25,Espresso,93,450,6,0,0,0
2026-01-26,Croissant,44,280,0,0,0,0
2026-01-26,Pain au chocolat,24,320,0,0,0,0
2026-01-26,Sourdough Loaf,12,850,0,0,0,0
2026-01-26,Cinnamon Roll,20,250,0,0,0,0
2026-01-26,Espresso,58,450,0,0,0,0
2026-01-27,Croissant,32,280,1,0,1,0
2026-01-27,Pain au chocolat,22,320,1,0,1,0
2026-01-27,Sourdough Loaf,9,850,1,0,1,0
2026-01-27,Cinnamon Roll,17,250,1,0,1,0
2026-01-27,Espresso,48,450,1,0,1,0
2026-01-28,Croissant,42,280,2,0,1,0
2026-01-28,Pain au chocolat,23,320,2,0,1,0
2026-01-28,Sourdough Loaf,10,850,2,0,1,0
2026-01-28,Cinnamon Roll,21,250,2,0,1,0
2026-01-28,Espresso,50,450,2,0,1,0
2026-01-29,Croissant,46,280,3,0,0,0
2026-01-29,Pain au chocolat,30,320,3,0,0,0
2026-01-29,Sourdough Loaf,12,850,3,0,0,0
2026-01-29,Cinnamon Roll,25,250,3,0,0,0
2026-01-29,Espresso,63,450,3,0,0,0
2026-01-30,Croissant,57,280,4,0,0,0
2026-01-30,Pain au chocolat,33,320,4,0,0,0
2026-01-30,Sourdough Loaf,14,850,4,0,0,0
2026-01-30,Cinnamon Roll,31,250,4,0,0,0
2026-01-30,Espresso,71,450,4,0,0,0
2026-01-31,Croissant,71,280,5,0,0,0
2026-01-31,Pain au chocolat,46,320,5,0,0,0
2026-01-31,Sourdough Loaf,19,850,5,0,0,0
2026-01-31,Cinnamon Roll,38,250,5,0,0,0
2026-01-31,Espresso,86,450,5,0,0,0
2026-02-01,Croissant,72,280,6,0,0,0
2026-02-01,Pain au chocolat,55,320,6,0,0,0
2026-02-01,Sourdough Loaf,23,850,6,0,0,0
2026-02-01,Cinnamon Roll,38,250,6,0,0,0
2026-02-01,Espresso,93,450,6,0,0,0
2026-02-02,Croissant,38,280,0,0,0,0
2026-02-02,Pain au chocolat,26,320,0,0,0,0
2026-02-02,Sourdough Loaf,13,850,0,0,0,0
2026-02-02,Cinnamon Roll,19,250,0,0,0,0
2026-02-02,Espresso,63,450,0,0,0,0
2026-02-03,Croissant,39,280,1,0,0,0
2026-02-03,Pain au chocolat,25,320,1,0,0,0
2026-02-03,Sourdough Loaf,11,850,1,0,0,0
2026-02-03,Cinnamon Roll,18,250,1,0,0,0
2026-02-03,Espresso,53,450,1,0,0,0
2026-02-04,Croissant,40,280,2,0,0,0
2026-02-04,Pain au chocolat,25,320,2,0,0,0
2026-02-04,Sourdough Loaf,11,850,2,0,0,0
2026-02-04,Cinnamon Roll,22,250,2,0,0,0
2026-02-04,Espresso,59,450,2,0,0,0
2026-02-05,Croissant,47,280,3,0,0,0
2026-02-05,Pain au chocolat,28,320,3,0,0,0
2026-02-05,Sourdough Loaf,14,850,3,0,0,0
2026-02-05,Cinnamon Roll,25,250,3,0,0,0
2026-02-05,Espresso,70,450,3,0,0,0
2026-02-06,Croissant,57,280,4,0,0,0
2026-02-06,Pain au chocolat,33,320,4,0,0,0
2026-02-06,Sourdough Loaf,14,850,4,0,0,0
2026-02-06,Cinnamon Roll,31,250,4,0,0,0
2026-02-06,Espresso,69,450,4,0,0,0
2026-02-07,Croissant,72,280,5,0,0,0
2026-02-07,Pain au chocolat,46,320,5,0,0,0
2026-02-07,Sourdough Loaf,20,850,5,0,0,0
2026-02-07,Cinnamon Roll,36,250,5,0,0,0
2026-02-07,Espresso,79,450,5,0,0,0
2026-02-08,Croissant,73,280,6,0,0,0
2026-02-08,Pain au chocolat,52,320,6,0,0,0
2026-02-08,Sourdough Loaf,22,850,6,0,0,0
2026-02-08,Cinnamon Roll,38,250,6,0,0,0
2026-02-08,Espresso,91,450,6,0,0,0
2026-02-09,Croissant,41,280,0,0,0,0
2026-02-09,Pain au chocolat,24,320,0,0,0,0
2026-02-09,Sourdough Loaf,12,850,0,0,0,0
2026-02-09,Cinnamon Roll,20,250,0,0,0,0
2026-02-09,Espresso,57,450,0,0,0,0
2026-02-10,Croissant,39,280,1,0,0,0
2026-02-10,Pain au chocolat,25,320,1,0,0,0
2026-02-10,Sourdough Loaf,11,850,1,0,0,0
2026-02-10,Cinnamon Roll,19,250,1,0,0,0
2026-02-10,Espresso,51,450,1,0,0,0
2026-02-11,Croissant,37,280,2,0,1,0
2026-02-11,Pain au chocolat,25,320,2,0,1,0
2026-02-11,Sourdough Loaf,10,850,2,0,1,0
2026-02-11,Cinnamon Roll,21,250,2,0,1,0
2026-02-11,Espresso,65,450,2,0,1,0
2026-02-12,Croissant,46,280,3,0,0,0
2026-02-12,Pain au chocolat,30,320,3,0,0,0
2026-02-12,Sourdough Loaf,14,850,3,0,0,0
2026-02-12,Cinnamon Roll,26,250,3,0,0,0
2026-02-12,Espresso,61,450,3,0,0,0
2026-02-13,Croissant,57,280,4,0,0,0
2026-02-13,Pain au chocolat,34,320,4,0,0,0
2026-02-13,Sourdough Loaf,15,850,4,0,0,0
2026-02-13,Cinnamon Roll,29,250,4,0,0,0
2026-02-13,Espresso,70,450,4,0,0,0
2026-02-14,Croissant,73,280,5,0,1,0
2026-02-14,Pain au chocolat,37,320,5,0,1,0
2026-02-14,Sourdough Loaf,19,850,5,0,1,0
2026-02-14,Cinnamon Roll,32,250,5,0,1,0
2026-02-14,Espresso,76,450,5,0,1,0
2026-02-15,Croissant,79,280,6,0,0,0
2026-02-15,Pain au chocolat,50,320,6,0,0,0
2026-02-15,Sourdough Loaf,21,850,6,0,0,0
2026-02-15,Cinnamon Roll,39,250,6,0,0,0
2026-02-15,Espresso,93,450,6,0,0,0
2026-02-16,Croissant,35,280,0,0,1,0
2026-02-16,Pain au chocolat,23,320,0,0,1,0
2026-02-16,Sourdough Loaf,11,850,0,0,1,0
2026-02-16,Cinnamon Roll,18,250,0,0,1,0
2026-02-16,Espresso,62,450,0,0,1,0
2026-02-17,Croissant,39,280,1,0,0,0
2026-02-17,Pain au chocolat,22,320,1,0,0,0
2026-02-17,Sourdough Loaf,10,850,1,0,0,0
2026-02-17,Cinnamon Roll,17,250,1,0,0,0
2026-02-17,Espresso,57,450,1,0,0,0
2026-02-18,Croissant,40,280,2,0,0,0
2026-02-18,Pain au chocolat,26,320,2,0,0,0
2026-02-18,Sourdough Loaf,11,850,2,0,0,0
2026-02-18,Cinnamon Roll,23,250,2,0,0,0
2026-02-18,Espresso,55,450,2,0,0,0
2026-02-19,Croissant,44,280,3,0,0,0
2026-02-19,Pain au chocolat,27,320,3,0,0,0
2026-02-19,Sourdough Loaf,13,850,3,0,0,0
2026-02-19,Cinnamon Roll,27,250,3,0,0,0
2026-02-19,Espresso,63,450,3,0,0,0
2026-02-20,Croissant,52,280,4,0,0,0
2026-02-20,Pain au chocolat,37,320,4,0,0,0
2026-02-20,Sourdough Loaf,17,850,4,0,0,0
2026-02-20,Cinnamon Roll,32,250,4,0,0,0
2026-02-20,Espresso,65,450,4,0,0,0
2026-02-21,Croissant,68,280,5,0,0,0
2026-02-21,Pain au chocolat,48,320,5,0,0,0
2026-02-21,Sourdough Loaf,19,850,5,0,0,0
2026-02-21,Cinnamon Roll,39,250,5,0,0,0
2026-02-21,Espresso,88,450,5,0,0,0
2026-02-22,Croissant,72,280,6,0,0,0
2026-02-22,Pain au chocolat,50,320,6,0,0,0
2026-02-22,Sourdough Loaf,18,850,6,0,0,0
2026-02-22,Cinnamon Roll,38,250,6,0,0,0
2026-02-22,Espresso,89,450,6,0,0,0
2026-02-23,Croissant,38,280,0,0,0,0
2026-02-23,Pain au chocolat,27,320,0,0,0,0
2026-02-23,Sourdough Loaf,11,850,0,0,0,0
2026-02-23,Cinnamon Roll,20,250,0,0,0,0
2026-02-23,Espresso,60,450,0,0,0,0
2026-02-24,Croissant,41,280,1,0,0,0
2026-02-24,Pain au chocolat,22,320,1,0,0,0
2026-02-24,Sourdough Loaf,11,850,1,0,0,0
2026-02-24,Cinnamon Roll,18,250,1,0,0,0
2026-02-24,Espresso,52,450,1,0,0,0
2026-02-25,Croissant,43,280,2,0,0,0
2026-02-25,Pain au chocolat,26,320,2,0,0,0
2026-02-25,Sourdough Loaf,11,850,2,0,0,0
2026-02-25,Cinnamon Roll,22,250,2,0,0,0
2026-02-25,Espresso,57,450,2,0,0,0
2026-02-26,Croissant,45,280,3,0,0,0
2026-02-26,Pain au chocolat,29,320,3,0,0,0
2026-02-26,Sourdough Loaf,14,850,3,0,0,0
2026-02-26,Cinnamon Roll,23,250,3,0,0,0
2026-02-26,Espresso,69,450,3,0,0,0
2026-02-27,Croissant,50,280,4,0,0,0
2026-02-27,Pain au chocolat,35,320,4,0,0,0
2026-02-27,Sourdough Loaf,15,850,4,0,0,0
2026-02-27,Cinnamon Roll,30,250,4,0,0,0
2026-02-27,Espresso,68,450,4,0,0,0
2026-02-28,Croissant,69,280,5,0,0,0
2026-02-28,Pain au chocolat,44,320,5,0,0,0
2026-02-28,Sourdough Loaf,19,850,5,0,0,0
2026-02-28,Cinnamon Roll,40,250,5,0,0,0
2026-02-28,Espresso,87,450,5,0,0,0
2026-03-01,Croissant,72,280,6,0,0,0
2026-03-01,Pain au chocolat,52,320,6,0,0,0
2026-03-01,Sourdough Loaf,22,850,6,0,0,0
2026-03-01,Cinnamon Roll,42,250,6,0,0,0
2026-03-01,Espresso,93,450,6,0,0,0
2026-03-02,Croissant,38,280,0,0,0,0
2026-03-02,Pain au chocolat,24,320,0,0,0,0
2026-03-02,Sourdough Loaf,12,850,0,0,0,0
2026-03-02,Cinnamon Roll,21,250,0,0,0,0
2026-03-02,Espresso,60,450,0,0,0,0
2026-03-03,Croissant,38,280,1,0,0,0
2026-03-03,Pain au chocolat,26,320,1,0,0,0
2026-03-03,Sourdough Loaf,10,850,1,0,0,0
2026-03-03,Cinnamon Roll,18,250,1,0,0,0
2026-03-03,Espresso,54,450,1,0,0,0
2026-03-04,Croissant,42,280,2,0,0,0
2026-03-04,Pain au chocolat,27,320,2,0,0,0
2026-03-04,Sourdough Loaf,11,850,2,0,0,0
2026-03-04,Cinnamon Roll,23,250,2,0,0,0
2026-03-04,Espresso,62,450,2,0,0,0
2026-03-05,Croissant,45,280,3,0,0,0
2026-03-05,Pain au chocolat,29,320,3,0,0,0
2026-03-05,Sourdough Loaf,13,850,3,0,0,0
2026-03-05,Cinnamon Roll,25,250,3,0,0,0
2026-03-05,Espresso,62,450,3,0,0,0
2026-03-06,Croissant,55,280,4,0,0,0
2026-03-06,Pain au chocolat,36,320,4,0,0,0
2026-03-06,Sourdough Loaf,14,850,4,0,0,0
2026-03-06,Cinnamon Roll,33,250,4,0,0,0
2026-03-06,Espresso,66,450,4,0,0,0
2026-03-07,Croissant,66,280,5,0,0,0
2026-03-07,Pain au chocolat,48,320,5,0,0,0
2026-03-07,Sourdough Loaf,21,850,5,0,0,0
2026-03-07,Cinnamon Roll,39,250,5,0,0,0
2026-03-07,Espresso,88,450,5,0,0,0
2026-03-08,Croissant,75,280,6,0,0,0
2026-03-08,Pain au chocolat,48,320,6,0,0,0
2026-03-08,Sourdough Loaf,22,850,6,0,0,0
2026-03-08,Cinnamon Roll,39,250,6,0,0,0
2026-03-08,Espresso,94,450,6,0,0,0
2026-03-09,Croissant,37,280,0,0,1,0
2026-03-09,Pain au chocolat,22,320,0,0,1,0
2026-03-09,Sourdough Loaf,11,850,0,0,1,0
2026-03-09,Cinnamon Roll,19,250,0,0,1,0
2026-03-09,Espresso,54,450,0,0,1,0
2026-03-10,Croissant,36,280,1,0,0,0
2026-03-10,Pain au chocolat,24,320,1,0,0,0
2026-03-10,Sourdough Loaf,10,850,1,0,0,0
2026-03-10,Cinnamon Roll,18,250,1,0,0,0
2026-03-10,Espresso,54,450,1,0,0,0
2026-03-11,Croissant,42,280,2,0,0,0
2026-03-11,Pain au chocolat,24,320,2,0,0,0
2026-03-11,Sourdough Loaf,10,850,2,0,0,0
2026-03-11,Cinnamon Roll,21,250,2,0,0,0
2026-03-11,Espresso,57,450,2,0,0,0
2026-03-12,Croissant,46,280,3,0,0,0
2026-03-12,Pain au chocolat,30,320,3,0,0,0
2026-03-12,Sourdough Loaf,14,850,3,0,0,0
2026-03-12,Cinnamon Roll,25,250,3,0,0,0
2026-03-12,Espresso,62,450,3,0,0,0
2026-03-13,Croissant,52,280,4,0,0,0
2026-03-13,Pain au chocolat,35,320,4,0,0,0
2026-03-13,Sourdough Loaf,15,850,4,0,0,0
2026-03-13,Cinnamon Roll,30,250,4,0,0,0
2026-03-13,Espresso,67,450,4,0,0,0
2026-03-14,Croissant,72,280,5,0,0,0
2026-03-14,Pain au chocolat,48,320,5,0,0,0
2026-03-14,Sourdough Loaf,20,850,5,0,0,0
2026-03-14,Cinnamon Roll,39,250,5,0,0,0
2026-03-14,Espresso,88,450,5,0,0,0
2026-03-15,Croissant,73,280,6,0,0,0
2026-03-15,Pain au chocolat,51,320,6,0,0,0
2026-03-15,Sourdough Loaf,22,850,6,0,0,0
2026-03-15,Cinnamon Roll,40,250,6,0,0,0
2026-03-15,Espresso,87,450,6,0,0,0
2026-03-16,Croissant,40,280,0,0,0,0
2026-03-16,Pain au chocolat,26,320,0,0,0,0
2026-03-16,Sourdough Loaf,13,850,0,0,0,0
2026-03-16,Cinnamon Roll,21,250,0,0,0,0
2026-03-16,Espresso,66,450,0,0,0,0
2026-03-17,Croissant,37,280,1,0,0,0
2026-03-17,Pain au chocolat,25,320,1,0,0,0
2026-03-17,Sourdough Loaf,10,850,1,0,0,0
2026-03-17,Cinnamon Roll,20,250,1,0,0,0
2026-03-17,Espresso,53,450,1,0,0,0
2026-03-18,Croissant,40,280,2,0,0,0
2026-03-18,Pain au chocolat,25,320,2,0,0,0
2026-03-18,Sourdough Loaf,10,850,2,0,0,0
2026-03-18,Cinnamon Roll,21,250,2,0,0,0
2026-03-18,Espresso,56,450,2,0,0,0
2026-03-19,Croissant,45,280,3,0,0,0
2026-03-19,Pain au chocolat,28,320,3,0,0,0
2026-03-19,Sourdough Loaf,14,850,3,0,0,0
2026-03-19,Cinnamon Roll,26,250,3,0,0,0
2026-03-19,Espresso,60,450,3,0,0,0
2026-03-20,Croissant,53,280,4,0,0,0
2026-03-20,Pain au chocolat,36,320,4,0,0,0
2026-03-20,Sourdough Loaf,14,850,4,0,0,0
2026-03-20,Cinnamon Roll,33,250,4,0,0,0
2026-03-20,Espresso,74,450,4,0,0,0
2026-03-21,Croissant,68,280,5,0,0,0
2026-03-21,Pain au chocolat,41,320,5,0,0,0
2026-03-21,Sourdough Loaf,21,850,5,0,0,0
2026-03-21,Cinnamon Roll,38,250,5,0,0,0
2026-03-21,Espresso,90,450,5,0,0,0
2026-03-22,Croissant,69,280,6,0,0,0
2026-03-22,Pain au chocolat,49,320,6,0,0,0
2026-03-22,Sourdough Loaf,22,850,6,0,0,0
2026-03-22,Cinnamon Roll,40,250,6,0,0,0
2026-03-22,Espresso,88,450,6,0,0,0
2026-03-23,Croissant,41,280,0,0,0,0
2026-03-23,Pain au chocolat,24,320,0,0,0,0
2026-03-23,Sourdough Loaf,12,850,0,0,0,0
2026-03-23,Cinnamon Roll,20,250,0,0,0,0
2026-03-23,Espresso,62,450,0,0,0,0
2026-03-24,Croissant,39,280,1,0,0,0
2026-03-24,Pain au chocolat,23,320,1,0,0,0
2026-03-24,Sourdough Loaf,9,850,1,0,0,0
2026-03-24,Cinnamon Roll,19,250,1,0,0,0
2026-03-24,Espresso,56,450,1,0,0,0
2026-03-25,Croissant,40,280,2,0,0,0
2026-03-25,Pain au chocolat,28,320,2,0,0,0
2026-03-25,Sourdough Loaf,11,850,2,0,0,0
2026-03-25,Cinnamon Roll,23,250,2,0,0,0
2026-03-25,Espresso,58,450,2,0,0,0
2026-03-26,Croissant,50,280,3,0,0,0
2026-03-26,Pain au chocolat,30,320,3,0,0,0
2026-03-26,Sourdough Loaf,13,850,3,0,0,0
2026-03-26,Cinnamon Roll,26,250,3,0,0,0
2026-03-26,Espresso,64,450,3,0,0,0
2026-03-27,Croissant,59,280,4,0,0,0
2026-03-27,Pain au chocolat,33,320,4,0,0,0
2026-03-27,Sourdough Loaf,16,850,4,0,0,0
2026-03-27,Cinnamon Roll,32,250,4,0,0,0
2026-03-27,Espresso,64,450,4,0,0,0
2026-03-28,Croissant,66,280,5,0,0,0
2026-03-28,Pain au chocolat,40,320,5,0,0,0
2026-03-28,Sourdough Loaf,20,850,5,0,0,0
2026-03-28,Cinnamon Roll,39,250,5,0,0,0
2026-03-28,Espresso,91,450,5,0,0,0
2026-03-29,Croissant,75,280,6,0,0,0
2026-03-29,Pain au chocolat,54,320,6,0,0,0
2026-03-29,Sourdough Loaf,20,850,6,0,0,0
2026-03-29,Cinnamon Roll,37,250,6,0,0,0
2026-03-29,Espresso,90,450,6,0,0,0
2026-03-30,Croissant,38,280,0,0,1,0
2026-03-30,Pain au chocolat,23,320,0,0,1,0
2026-03-30,Sourdough Loaf,10,850,0,0,1,0
2026-03-30,Cinnamon Roll,18,250,0,0,1,0
2026-03-30,Espresso,51,450,0,0,1,0
2026-03-31,Croissant,36,280,1,0,1,0
2026-03-31,Pain au chocolat,23,320,1,0,1,0
2026-03-31,Sourdough Loaf,9,850,1,0,1,0
2026-03-31,Cinnamon Roll,16,250,1,0,1,0
2026-03-31,Espresso,48,450,1,0,1,0
2026-04-01,Croissant,39,280,2,0,1,0
2026-04-01,Pain au chocolat,25,320,2,0,1,0
2026-04-01,Sourdough Loaf,10,850,2,0,1,0
2026-04-01,Cinnamon Roll,21,250,2,0,1,0
2026-04-01,Espresso,52,450,2,0,1,0
2026-04-02,Croissant,43,280,3,0,0,0
2026-04-02,Pain au chocolat,28,320,3,0,0,0
2026-04-02,Sourdough Loaf,12,850,3,0,0,0
2026-04-02,Cinnamon Roll,24,250,3,0,0,0
2026-04-02,Espresso,58,450,3,0,0,0
2026-04-03,Croissant,60,280,4,0,0,0
2026-04-03,Pain au chocolat,35,320,4,0,0,0
2026-04-03,Sourdough Loaf,14,850,4,0,0,0
2026-04-03,Cinnamon Roll,30,250,4,0,0,0
2026-04-03,Espresso,70,450,4,0,0,0
2026-04-04,Croissant,69,280,5,0,0,0
2026-04-04,Pain au chocolat,46,320,5,0,0,0
2026-04-04,Sourdough Loaf,21,850,5,0,0,0
2026-04-04,Cinnamon Roll,37,250,5,0,0,0
2026-04-04,Espresso,83,450,5,0,0,0
2026-04-05,Croissant,68,280,6,0,1,0
2026-04-05,Pain au chocolat,40,320,6,0,1,0
2026-04-05,Sourdough Loaf,19,850,6,0,1,0
2026-04-05,Cinnamon Roll,40,250,6,0,1,0
2026-04-05,Espresso,90,450,6,0,1,0
2026-04-06,Croissant,40,280,0,0,0,0
2026-04-06,Pain au chocolat,26,320,0,0,0,0
2026-04-06,Sourdough Loaf,12,850,0,0,0,0
2026-04-06,Cinnamon Roll,23,250,0,0,0,0
2026-04-06,Espresso,63,450,0,0,0,0
2026-04-07,Croissant,38,280,1,0,0,0
2026-04-07,Pain au chocolat,23,320,1,0,0,0
2026-04-07,Sourdough Loaf,9,850,1,0,0,0
2026-04-07,Cinnamon Roll,18,250,1,0,0,0
2026-04-07,Espresso,53,450,1,0,0,0
2026-04-08,Croissant,39,280,2,0,0,0
2026-04-08,Pain au chocolat,25,320,2,0,0,0
2026-04-08,Sourdough Loaf,10,850,2,0,0,0
2026-04-08,Cinnamon Roll,24,250,2,0,0,0
2026-04-08,Espresso,61,450,2,0,0,0
2026-04-09,Croissant,45,280,3,0,0,0
2026-04-09,Pain au chocolat,30,320,3,0,0,0
2026-04-09,Sourdough Loaf,13,850,3,0,0,0
2026-04-09,Cinnamon Roll,24,250,3,0,0,0
2026-04-09,Espresso,67,450,3,0,0,0
2026-04-10,Croissant,56,280,4,0,0,0
2026-04-10,Pain au chocolat,33,320,4,0,0,0
2026-04-10,Sourdough Loaf,15,850,4,0,0,0
2026-04-10,Cinnamon Roll,29,250,4,0,0,0
2026-04-10,Espresso,65,450,4,0,0,0
2026-04-11,Croissant,68,280,5,0,1,0
2026-04-11,Pain au chocolat,46,320,5,0,1,0
2026-04-11,Sourdough Loaf,17,850,5,0,1,0
2026-04-11,Cinnamon Roll,36,250,5,0,1,0
2026-04-11,Espresso,75,450,5,0,1,0
2026-04-12,Croissant,73,280,6,0,0,0
2026-04-12,Pain au chocolat,49,320,6,0,0,0
2026-04-12,Sourdough Loaf,21,850,6,0,0,0
2026-04-12,Cinnamon Roll,40,250,6,0,0,0
2026-04-12,Espresso,86,450,6,0,0,0
2026-04-13,Croissant,41,280,0,0,0,0
2026-04-13,Pain au chocolat,25,320,0,0,0,0
2026-04-13,Sourdough Loaf,12,850,0,0,0,0
2026-04-13,Cinnamon Roll,19,250,0,0,0,0
2026-04-13,Espresso,58,450,0,0,0,0
2026-04-14,Croissant,39,280,1,0,0,0
2026-04-14,Pain au chocolat,25,320,1,0,0,0
2026-04-14,Sourdough Loaf,10,850,1,0,0,0
2026-04-14,Cinnamon Roll,18,250,1,0,0,0
2026-04-14,Espresso,57,450,1,0,0,0
2026-04-15,Croissant,38,280,2,0,0,0
2026-04-15,Pain au chocolat,27,320,2,0,0,0
2026-04-15,Sourdough Loaf,11,850,2,0,0,0
2026-04-15,Cinnamon Roll,23,250,2,0,0,0
2026-04-15,Espresso,56,450,2,0,0,0
2026-04-16,Croissant,41,280,3,0,0,0
2026-04-16,Pain au chocolat,26,320,3,0,0,0
2026-04-16,Sourdough Loaf,13,850,3,0,0,0
2026-04-16,Cinnamon Roll,25,250,3,0,0,0
2026-04-16,Espresso,59,450,3,0,0,0
2026-04-17,Croissant,52,280,4,0,1,0
2026-04-17,Pain au chocolat,29,320,4,0,1,0
2026-04-17,Sourdough Loaf,14,850,4,0,1,0
2026-04-17,Cinnamon Roll,26,250,4,0,1,0
2026-04-17,Espresso,62,450,4,0,1,0
2026-04-18,Croissant,70,280,5,0,0,0
2026-04-18,Pain au chocolat,43,320,5,0,0,0
2026-04-18,Sourdough Loaf,20,850,5,0,0,0
2026-04-18,Cinnamon Roll,40,250,5,0,0,0
2026-04-18,Espresso,83,450,5,0,0,0
2026-04-19,Croissant,78,280,6,0,0,0
2026-04-19,Pain au chocolat,47,320,6,0,0,0
2026-04-19,Sourdough Loaf,23,850,6,0,0,0
2026-04-19,Cinnamon Roll,43,250,6,0,0,0
2026-04-19,Espresso,79,450,6,0,0,0
2026-04-20,Croissant,38,280,0,0,0,0
2026-04-20,Pain au chocolat,26,320,0,0,0,0
2026-04-20,Sourdough Loaf,12,850,0,0,0,0
2026-04-20,Cinnamon Roll,20,250,0,0,0,0
2026-04-20,Espresso,58,450,0,0,0,0
2026-04-21,Croissant,38,280,1,0,0,0
2026-04-21,Pain au chocolat,24,320,1,0,0,0
2026-04-21,Sourdough Loaf,11,850,1,0,0,0
2026-04-21,Cinnamon Roll,18,250,1,0,0,0
2026-04-21,Espresso,56,450,1,0,0,0
2026-04-22,Croissant,41,280,2,0,0,0
2026-04-22,Pain au chocolat,25,320,2,0,0,0
2026-04-22,Sourdough Loaf,11,850,2,0,0,0
2026-04-22,Cinnamon Roll,22,250,2,0,0,0
2026-04-22,Espresso,57,450,2,0,0,0
2026-04-23,Croissant,46,280,3,0,0,0
2026-04-23,Pain au chocolat,31,320,3,0,0,0
2026-04-23,Sourdough Loaf,14,850,3,0,0,0
2026-04-23,Cinnamon Roll,25,250,3,0,0,0
2026-04-23,Espresso,66,450,3,0,0,0
2026-04-24,Croissant,54,280,4,0,0,0
2026-04-24,Pain au chocolat,31,320,4,0,0,0
2026-04-24,Sourdough Loaf,14,850,4,0,0,0
2026-04-24,Cinnamon Roll,27,250,4,0,0,0
2026-04-24,Espresso,69,450,4,0,0,0
2026-04-25,Croissant,70,280,5,0,0,0
2026-04-25,Pain au chocolat,49,320,5,0,0,0
2026-04-25,Sourdough Loaf,20,850,5,0,0,0
2026-04-25,Cinnamon Roll,38,250,5,0,0,0
2026-04-25,Espresso,89,450,5,0,0,0
2026-04-26,Croissant,67,280,6,0,0,0
2026-04-26,Pain au chocolat,51,320,6,0,0,0
2026-04-26,Sourdough Loaf,23,850,6,0,0,0
2026-04-26,Cinnamon Roll,37,250,6,0,0,0
2026-04-26,Espresso,95,450,6,0,0,0
2026-04-27,Croissant,41,280,0,0,0,0
2026-04-27,Pain au chocolat,24,320,0,0,0,0
2026-04-27,Sourdough Loaf,12,850,0,0,0,0
2026-04-27,Cinnamon Roll,22,250,0,0,0,0
2026-04-27,Espresso,61,450,0,0,0,0
2026-04-28,Croissant,38,280,1,0,0,0
2026-04-28,Pain au chocolat,23,320,1,0,0,0
2026-04-28,Sourdough Loaf,10,850,1,0,0,0
2026-04-28,Cinnamon Roll,19,250,1,0,0,0
2026-04-28,Espresso,53,450,1,0,0,0
2026-04-29,Croissant,42,280,2,0,0,0
2026-04-29,Pain au chocolat,25,320,2,0,0,0
2026-04-29,Sourdough Loaf,11,850,2,0,0,0
2026-04-29,Cinnamon Roll,22,250,2,0,0,0
2026-04-29,Espresso,61,450,2,0,0,0
2026-04-30,Croissant,44,280,3,0,0,0
2026-04-30,Pain au chocolat,28,320,3,0,0,0
2026-04-30,Sourdough Loaf,12,850,3,0,0,0
2026-04-30,Cinnamon Roll,24,250,3,0,0,0
2026-04-30,Espresso,63,450,3,0,0,0
2026-05-01,Croissant,57,280,4,0,0,0
2026-05-01,Pain au chocolat,33,320,4,0,0,0
2026-05-01,Sourdough Loaf,16,850,4,0,0,0
2026-05-01,Cinnamon Roll,32,250,4,0,0,0
2026-05-01,Espresso,71,450,4,0,0,0
2026-05-02,Croissant,77,280,5,0,0,0
2026-05-02,Pain au chocolat,43,320,5,0,0,0
2026-05-02,Sourdough Loaf,19,850,5,0,0,0
2026-05-02,Cinnamon Roll,35,250,5,0,0,0
2026-05-02,Espresso,91,450,5,0,0,0
2026-05-03,Croissant,77,280,6,0,0,0
2026-05-03,Pain au chocolat,50,320,6,0,0,0
2026-05-03,Sourdough Loaf,22,850,6,0,0,0
2026-05-03,Cinnamon Roll,38,250,6,0,0,0
2026-05-03,Espresso,101,450,6,0,0,0
2026-05-04,Croissant,40,280,0,0,0,0
2026-05-04,Pain au chocolat,25,320,0,0,0,0
2026-05-04,Sourdough Loaf,12,850,0,0,0,0
2026-05-04,Cinnamon Roll,20,250,0,0,0,0
2026-05-04,Espresso,61,450,0,0,0,0
2026-05-05,Croissant,33,280,1,0,1,0
2026-05-05,Pain au chocolat,23,320,1,0,1,0
2026-05-05,Sourdough Loaf,10,850,1,0,1,0
2026-05-05,Cinnamon Roll,18,250,1,0,1,0
2026-05-05,Espresso,55,450,1,0,1,0
2026-05-06,Croissant,41,280,2,0,0,0
2026-05-06,Pain au chocolat,25,320,2,0,0,0
2026-05-06,Sourdough Loaf,11,850,2,0,0,0
2026-05-06,Cinnamon Roll,22,250,2,0,0,0
2026-05-06,Espresso,61,450,2,0,0,0
2026-05-07,Croissant,38,280,3,0,1,0
2026-05-07,Pain au chocolat,28,320,3,0,1,0
2026-05-07,Sourdough Loaf,12,850,3,0,1,0
2026-05-07,Cinnamon Roll,22,250,3,0,1,0
2026-05-07,Espresso,54,450,3,0,1,0
2026-05-08,Croissant,50,280,4,0,0,0
2026-05-08,Pain au chocolat,36,320,4,0,0,0
2026-05-08,Sourdough Loaf,15,850,4,0,0,0
2026-05-08,Cinnamon Roll,28,250,4,0,0,0
2026-05-08,Espresso,65,450,4,0,0,0
2026-05-09,Croissant,69,280,5,0,0,0
2026-05-09,Pain au chocolat,49,320,5,0,0,0
2026-05-09,Sourdough Loaf,20,850,5,0,0,0
2026-05-09,Cinnamon Roll,35,250,5,0,0,0
2026-05-09,Espresso,84,450,5,0,0,0
2026-05-10,Croissant,74,280,6,0,0,0
2026-05-10,Pain au chocolat,43,320,6,0,0,0
2026-05-10,Sourdough Loaf,22,850,6,0,0,0
2026-05-10,Cinnamon Roll,40,250,6,0,0,0
2026-05-10,Espresso,93,450,6,0,0,0
2026-05-11,Croissant,44,280,0,0,0,0
2026-05-11,Pain au chocolat,26,320,0,0,0,0
2026-05-11,Sourdough Loaf,12,850,0,0,0,0
2026-05-11,Cinnamon Roll,19,250,0,0,0,0
2026-05-11,Espresso,68,450,0,0,0,0
2026-05-12,Croissant,35,280,1,0,1,0
2026-05-12,Pain au chocolat,22,320,1,0,1,0
2026-05-12,Sourdough Loaf,9,850,1,0,1,0
2026-05-12,Cinnamon Roll,17,250,1,0,1,0
2026-05-12,Espresso,50,450,1,0,1,0
2026-05-13,Croissant,41,280,2,0,0,0
2026-05-13,Pain au chocolat,25,320,2,0,0,0
2026-05-13,Sourdough Loaf,11,850,2,0,0,0
2026-05-13,Cinnamon Roll,21,250,2,0,0,0
2026-05-13,Espresso,56,450,2,0,0,0
2026-05-14,Croissant,45,280,3,0,0,0
2026-05-14,Pain au chocolat,28,320,3,0,0,0
2026-05-14,Sourdough Loaf,14,850,3,0,0,0
2026-05-14,Cinnamon Roll,22,250,3,0,0,0
2026-05-14,Espresso,65,450,3,0,0,0
2026-05-15,Croissant,54,280,4,0,1,0
2026-05-15,Pain au chocolat,29,320,4,0,1,0
2026-05-15,Sourdough Loaf,14,850,4,0,1,0
2026-05-15,Cinnamon Roll,27,250,4,0,1,0
2026-05-15,Espresso,59,450,4,0,1,0
2026-05-16,Croissant,67,280,5,0,0,0
2026-05-16,Pain au chocolat,43,320,5,0,0,0
2026-05-16,Sourdough Loaf,22,850,5,0,0,0
2026-05-16,Cinnamon Roll,40,250,5,0,0,0
2026-05-16,Espresso,90,450,5,0,0,0
2026-05-17,Croissant,72,280,6,0,1,0
2026-05-17,Pain au chocolat,43,320,6,0,1,0
2026-05-17,Sourdough Loaf,20,850,6,0,1,0
2026-05-17,Cinnamon Roll,38,250,6,0,1,0
2026-05-17,Espresso,77,450,6,0,1,0
2026-05-18,Croissant,41,280,0,0,0,0
2026-05-18,Pain au chocolat,25,320,0,0,0,0
2026-05-18,Sourdough Loaf,12,850,0,0,0,0
2026-05-18,Cinnamon Roll,21,250,0,0,0,0
2026-05-18,Espresso,61,450,0,0,0,0
2026-05-19,Croissant,37,280,1,0,0,0
2026-05-19,Pain au chocolat,25,320,1,0,0,0
2026-05-19,Sourdough Loaf,9,850,1,0,0,0
2026-05-19,Cinnamon Roll,19,250,1,0,0,0
2026-05-19,Espresso,57,450,1,0,0,0
2026-05-20,Croissant,38,280,2,0,1,0
2026-05-20,Pain au chocolat,24,320,2,0,1,0
2026-05-20,Sourdough Loaf,9,850,2,0,1,0
2026-05-20,Cinnamon Roll,21,250,2,0,1,0
2026-05-20,Espresso,53,450,2,0,1,0
2026-05-21,Croissant,44,280,3,0,0,0
2026-05-21,Pain au chocolat,29,320,3,0,0,0
2026-05-21,Sourdough Loaf,13,850,3,0,0,0
2026-05-21,Cinnamon Roll,23,250,3,0,0,0
2026-05-21,Espresso,57,450,3,0,0,0
2026-05-22,Croissant,57,280,4,0,0,0
2026-05-22,Pain au chocolat,33,320,4,0,0,0
2026-05-22,Sourdough Loaf,16,850,4,0,0,0
2026-05-22,Cinnamon Roll,27,250,4,0,0,0
2026-05-22,Espresso,76,450,4,0,0,0
2026-05-23,Croissant,71,280,5,0,0,0
2026-05-23,Pain au chocolat,45,320,5,0,0,0
2026-05-23,Sourdough Loaf,19,850,5,0,0,0
2026-05-23,Cinnamon Roll,39,250,5,0,0,0
2026-05-23,Espresso,85,450,5,0,0,0
2026-05-24,Croissant,79,280,6,0,0,0
2026-05-24,Pain au chocolat,50,320,6,0,0,0
2026-05-24,Sourdough Loaf,22,850,6,0,0,0
2026-05-24,Cinnamon Roll,39,250,6,0,0,0
2026-05-24,Espresso,90,450,6,0,0,0
2026-05-25,Croissant,41,280,0,0,0,0
2026-05-25,Pain au chocolat,23,320,0,0,0,0
2026-05-25,Sourdough Loaf,11,850,0,0,0,0
2026-05-25,Cinnamon Roll,21,250,0,0,0,0
2026-05-25,Espresso,61,450,0,0,0,0
2026-05-26,Croissant,38,280,1,0,0,0
2026-05-26,Pain au chocolat,24,320,1,0,0,0
2026-05-26,Sourdough Loaf,10,850,1,0,0,0
2026-05-26,Cinnamon Roll,18,250,1,0,0,0
2026-05-26,Espresso,53,450,1,0,0,0
2026-05-27,Croissant,42,280,2,0,0,0
2026-05-27,Pain au chocolat,25,320,2,0,0,0
2026-05-27,Sourdough Loaf,11,850,2,0,0,0
2026-05-27,Cinnamon Roll,20,250,2,0,0,0
2026-05-27,Espresso,61,450,2,0,0,0
2026-05-28,Croissant,46,280,3,0,0,0
2026-05-28,Pain au chocolat,28,320,3,0,0,0
2026-05-28,Sourdough Loaf,14,850,3,0,0,0
2026-05-28,Cinnamon Roll,27,250,3,0,0,0
2026-05-28,Espresso,65,450,3,0,0,0
2026-05-29,Croissant,50,280,4,0,0,0
2026-05-29,Pain au chocolat,33,320,4,0,0,0
2026-05-29,Sourdough Loaf,15,850,4,0,0,0
2026-05-29,Cinnamon Roll,30,250,4,0,0,0
2026-05-29,Espresso,72,450,4,0,0,0
2026-05-30,Croissant,67,280,5,0,0,0
2026-05-30,Pain au chocolat,45,320,5,0,0,0
2026-05-30,Sourdough Loaf,19,850,5,0,0,0
2026-05-30,Cinnamon Roll,37,250,5,0,0,0
2026-05-30,Espresso,79,450,5,0,0,0
2026-05-31,Croissant,72,280,6,0,0,0
2026-05-31,Pain au chocolat,47,320,6,0,0,0
2026-05-31,Sourdough Loaf,21,850,6,0,0,0
2026-05-31,Cinnamon Roll,42,250,6,0,0,0
2026-05-31,Espresso,86,450,6,0,0,0
2026-06-01,Croissant,45,280,0,0,0,0
2026-06-01,Pain au chocolat,26,320,0,0,0,0
2026-06-01,Sourdough Loaf,12,850,0,0,0,0
2026-06-01,Cinnamon Roll,19,250,0,0,0,0
2026-06-01,Espresso,62,450,0,0,0,0
2026-06-02,Croissant,37,280,1,0,0,0
2026-06-02,Pain au chocolat,24,320,1,0,0,0
2026-06-02,Sourdough Loaf,11,850,1,0,0,0
2026-06-02,Cinnamon Roll,18,250,1,0,0,0
2026-06-02,Espresso,58,450,1,0,0,0
2026-06-03,Croissant,41,280,2,0,0,0
2026-06-03,Pain au chocolat,26,320,2,0,0,0
2026-06-03,Sourdough Loaf,12,850,2,0,0,0
2026-06-03,Cinnamon Roll,21,250,2,0,0,0
2026-06-03,Espresso,63,450,2,0,0,0
2026-06-04,Croissant,43,280,3,0,1,0
2026-06-04,Pain au chocolat,25,320,3,0,1,0
2026-06-04,Sourdough Loaf,12,850,3,0,1,0
2026-06-04,Cinnamon Roll,24,250,3,0,1,0
2026-06-04,Espresso,59,450,3,0,1,0
2026-06-05,Croissant,51,280,4,0,0,0
2026-06-05,Pain au chocolat,34,320,4,0,0,0
2026-06-05,Sourdough Loaf,15,850,4,0,0,0
2026-06-05,Cinnamon Roll,30,250,4,0,0,0
2026-06-05,Espresso,72,450,4,0,0,0
2026-06-06,Croissant,71,280,5,0,0,0
2026-06-06,Pain au chocolat,42,320,5,0,0,0
2026-06-06,Sourdough Loaf,20,850,5,0,0,0
2026-06-06,Cinnamon Roll,39,250,5,0,0,0
2026-06-06,Espresso,87,450,5,0,0,0
2026-06-07,Croissant,79,280,6,0,0,0
2026-06-07,Pain au chocolat,52,320,6,0,0,0
2026-06-07,Sourdough Loaf,23,850,6,0,0,0
2026-06-07,Cinnamon Roll,40,250,6,0,0,0
2026-06-07,Espresso,83,450,6,0,0,0
2026-06-08,Croissant,41,280,0,0,0,0
2026-06-08,Pain au chocolat,25,320,0,0,0,0
2026-06-08,Sourdough Loaf,12,850,0,0,0,0
2026-06-08,Cinnamon Roll,19,250,0,0,0,0
2026-06-08,Espresso,57,450,0,0,0,0
2026-06-09,Croissant,0,280,1,0,0,0
2026-06-09,Pain au chocolat,0,320,1,0,0,0
2026-06-09,Sourdough Loaf,0,850,1,0,0,0
2026-06-09,Cinnamon Roll,0,250,1,0,0,0
2026-06-09,Espresso,0,450,1,0,0,0
2026-06-10,Croissant,41,280,2,0,1,0
2026-06-10,Pain au chocolat,24,320,2,0,1,0
2026-06-10,Sourdough Loaf,10,850,2,0,1,0
2026-06-10,Cinnamon Roll,20,250,2,0,1,0
2026-06-10,Espresso,53,450,2,0,1,0
2026-06-11,Croissant,47,280,3,0,0,0
2026-06-11,Pain au chocolat,27,320,3,0,0,0
2026-06-11,Sourdough Loaf,13,850,3,0,0,0
2026-06-11,Cinnamon Roll,24,250,3,0,0,0
2026-06-11,Espresso,61,450,3,0,0,0
2026-06-12,Croissant,54,280,4,0,0,0
2026-06-12,Pain au chocolat,35,320,4,0,0,0
2026-06-12,Sourdough Loaf,15,850,4,0,0,0
2026-06-12,Cinnamon Roll,32,250,4,0,0,0
2026-06-12,Espresso,67,450,4,0,0,0
2026-06-13,Croissant,69,280,5,0,0,0
2026-06-13,Pain au chocolat,44,320,5,0,0,0
2026-06-13,Sourdough Loaf,21,850,5,0,0,0
2026-06-13,Cinnamon Roll,38,250,5,0,0,0
2026-06-13,Espresso,89,450,5,0,0,0
2026-06-14,Croissant,69,280,6,0,0,0
2026-06-14,Pain au chocolat,51,320,6,0,0,0
2026-06-14,Sourdough Loaf,23,850,6,0,0,0
2026-06-14,Cinnamon Roll,40,250,6,0,0,0
2026-06-14,Espresso,95,450,6,0,0,0
2026-06-15,Croissant,36,280,0,0,1,0
2026-06-15,Pain au chocolat,25,320,0,0,1,0
2026-06-15,Sourdough Loaf,12,850,0,0,1,0
2026-06-15,Cinnamon Roll,18,250,0,0,1,0
2026-06-15,Espresso,54,450,0,0,1,0
2026-06-16,Croissant,41,280,1,0,0,0
2026-06-16,Pain au chocolat,26,320,1,0,0,0
2026-06-16,Sourdough Loaf,10,850,1,0,0,0
2026-06-16,Cinnamon Roll,18,250,1,0,0,0
2026-06-16,Espresso,54,450,1,0,0,0
2026-06-17,Croissant,39,280,2,0,0,0
2026-06-17,Pain au chocolat,25,320,2,0,0,0
2026-06-17,Sourdough Loaf,10,850,2,0,0,0
2026-06-17,Cinnamon Roll,21,250,2,0,0,0
2026-06-17,Espresso,58,450,2,0,0,0
2026-06-18,Croissant,46,280,3,0,0,0
2026-06-18,Pain au chocolat,30,320,3,0,0,0
2026-06-18,Sourdough Loaf,12,850,3,0,0,0
2026-06-18,Cinnamon Roll,26,250,3,0,0,0
2026-06-18,Espresso,61,450,3,0,0,0
2026-06-19,Croissant,50,280,4,0,1,0
2026-06-19,Pain au chocolat,33,320,4,0,1,0
2026-06-19,Sourdough Loaf,13,850,4,0,1,0
2026-06-19,Cinnamon Roll,28,250,4,0,1,0
2026-06-19,Espresso,65,450,4,0,1,0
2026-06-20,Croissant,72,280,5,0,0,0
2026-06-20,Pain au chocolat,46,320,5,0,0,0
2026-06-20,Sourdough Loaf,22,850,5,0,0,0
2026-06-20,Cinnamon Roll,37,250,5,0,0,0
2026-06-20,Espresso,83,450,5,0,0,0
2026-06-21,Croissant,73,280,6,0,0,0
2026-06-21,Pain au chocolat,49,320,6,0,0,0
2026-06-21,Sourdough Loaf,21,850,6,0,0,0
2026-06-21,Cinnamon Roll,42,250,6,0,0,0
2026-06-21,Espresso,96,450,6,0,0,0
2026-06-22,Croissant,39,280,0,0,0,0
2026-06-22,Pain au chocolat,24,320,0,0,0,0
2026-06-22,Sourdough Loaf,12,850,0,0,0,0
2026-06-22,Cinnamon Roll,19,250,0,0,0,0
2026-06-22,Espresso,62,450,0,0,0,0
2026-06-23,Croissant,38,280,1,0,0,0
2026-06-23,Pain au chocolat,22,320,1,0,0,0
2026-06-23,Sourdough Loaf,11,850,1,0,0,0
2026-06-23,Cinnamon Roll,20,250,1,0,0,0
2026-06-23,Espresso,53,450,1,0,0,0
2026-06-24,Croissant,41,280,2,0,0,0
2026-06-24,Pain au chocolat,26,320,2,0,0,0
2026-06-24,Sourdough Loaf,11,850,2,0,0,0
2026-06-24,Cinnamon Roll,23,250,2,0,0,0
2026-06-24,Espresso,64,450,2,0,0,0
2026-06-25,Croissant,45,280,3,0,0,0
2026-06-25,Pain au chocolat,27,320,3,0,0,0
2026-06-25,Sourdough Loaf,12,850,3,0,0,0
2026-06-25,Cinnamon Roll,24,250,3,0,0,0
2026-06-25,Espresso,62,450,3,0,0,0
2026-06-26,Croissant,56,280,4,0,1,0
2026-06-26,Pain au chocolat,31,320,4,0,1,0
2026-06-26,Sourdough Loaf,14,850,4,0,1,0
2026-06-26,Cinnamon Roll,28,250,4,0,1,0
2026-06-26,Espresso,69,450,4,0,1,0
2026-06-27,Croissant,79,280,5,0,0,0
2026-06-27,Pain au chocolat,44,320,5,0,0,0
2026-06-27,Sourdough Loaf,20,850,5,0,0,0
2026-06-27,Cinnamon Roll,40,250,5,0,0,0
2026-06-27,Espresso,88,450,5,0,0,0
2026-06-28,Croissant,82,280,6,0,0,0
2026-06-28,Pain au chocolat,51,320,6,0,0,0
2026-06-28,Sourdough Loaf,22,850,6,0,0,0
2026-06-28,Cinnamon Roll,41,250,6,0,0,0
2026-06-28,Espresso,95,450,6,0,0,0
2026-06-29,Croissant,42,280,0,0,0,0
2026-06-29,Pain au chocolat,26,320,0,0,0,0
2026-06-29,Sourdough Loaf,13,850,0,0,0,0
2026-06-29,Cinnamon Roll,21,250,0,0,0,0
2026-06-29,Espresso,64,450,0,0,0,0
2026-06-30,Croissant,39,280,1,0,0,0
2026-06-30,Pain au chocolat,24,320,1,0,0,0
2026-06-30,Sourdough Loaf,10,850,1,0,0,0
2026-06-30,Cinnamon Roll,19,250,1,0,0,0
2026-06-30,Espresso,53,450,1,0,0,0
2026-07-01,Croissant,43,280,2,0,0,0
2026-07-01,Pain au chocolat,25,320,2,0,0,0
2026-07-01,Sourdough Loaf,11,850,2,0,0,0
2026-07-01,Cinnamon Roll,23,250,2,0,0,0
2026-07-01,Espresso,59,450,2,0,0,0
2026-07-02,Croissant,45,280,3,0,0,0
2026-07-02,Pain au chocolat,26,320,3,0,0,0
2026-07-02,Sourdough Loaf,13,850,3,0,0,0
2026-07-02,Cinnamon Roll,26,250,3,0,0,0
2026-07-02,Espresso,69,450,3,0,0,0
2026-07-03,Croissant,50,280,4,0,1,0
2026-07-03,Pain au chocolat,33,320,4,0,1,0
2026-07-03,Sourdough Loaf,14,850,4,0,1,0
2026-07-03,Cinnamon Roll,30,250,4,0,1,0
2026-07-03,Espresso,64,450,4,0,1,0
2026-07-04,Croissant,71,280,5,0,0,0
2026-07-04,Pain au chocolat,46,320,5,0,0,0
2026-07-04,Sourdough Loaf,20,850,5,0,0,0
2026-07-04,Cinnamon Roll,37,250,5,0,0,0
2026-07-04,Espresso,86,450,5,0,0,0
2026-07-05,Croissant,79,280,6,0,0,0
2026-07-05,Pain au chocolat,47,320,6,0,0,0
2026-07-05,Sourdough Loaf,22,850,6,0,0,0
2026-07-05,Cinnamon Roll,39,250,6,0,0,0
2026-07-05,Espresso,95,450,6,0,0,0
2026-07-06,Croissant,37,280,0,0,0,0
2026-07-06,Pain au chocolat,24,320,0,0,0,0
2026-07-06,Sourdough Loaf,12,850,0,0,0,0
2026-07-06,Cinnamon Roll,22,250,0,0,0,0
2026-07-06,Espresso,60,450,0,0,0,0
2026-07-07,Croissant,37,280,1,0,0,0
2026-07-07,Pain au chocolat,26,320,1,0,0,0
2026-07-07,Sourdough Loaf,9,850,1,0,0,0
2026-07-07,Cinnamon Roll,16,250,1,0,0,0
2026-07-07,Espresso,56,450,1,0,0,0
2026-07-08,Croissant,41,280,2,0,0,0
2026-07-08,Pain au chocolat,25,320,2,0,0,0
2026-07-08,Sourdough Loaf,11,850,2,0,0,0
2026-07-08,Cinnamon Roll,22,250,2,0,0,0
2026-07-08,Espresso,56,450,2,0,0,0
2026-07-09,Croissant,42,280,3,0,0,0
2026-07-09,Pain au chocolat,29,320,3,0,0,0
2026-07-09,Sourdough Loaf,13,850,3,0,0,0
2026-07-09,Cinnamon Roll,25,250,3,0,0,0
2026-07-09,Espresso,68,450,3,0,0,0
2026-07-10,Croissant,52,280,4,0,0,0
2026-07-10,Pain au chocolat,32,320,4,0,0,0
2026-07-10,Sourdough Loaf,14,850,4,0,0,0
2026-07-10,Cinnamon Roll,30,250,4,0,0,0
2026-07-10,Espresso,71,450,4,0,0,0
2026-07-11,Croissant,69,280,5,0,0,0
2026-07-11,Pain au chocolat,46,320,5,0,0,0
2026-07-11,Sourdough Loaf,19,850,5,0,0,0
2026-07-11,Cinnamon Roll,41,250,5,0,0,0
2026-07-11,Espresso,85,450,5,0,0,0
2026-07-12,Croissant,79,280,6,0,0,0
2026-07-12,Pain au chocolat,51,320,6,0,0,0
2026-07-12,Sourdough Loaf,23,850,6,0,0,0
2026-07-12,Cinnamon Roll,41,250,6,0,0,0
2026-07-12,Espresso,92,450,6,0,0,0
2026-07-13,Croissant,41,280,0,0,0,0
2026-07-13,Pain au chocolat,27,320,0,0,0,0
2026-07-13,Sourdough Loaf,12,850,0,0,0,0
2026-07-13,Cinnamon Roll,21,250,0,0,0,0
2026-07-13,Espresso,60,450,0,0,0,0
2026-07-14,Croissant,41,280,1,0,0,0
2026-07-14,Pain au chocolat,23,320,1,0,0,0
2026-07-14,Sourdough Loaf,11,850,1,0,0,0
2026-07-14,Cinnamon Roll,18,250,1,0,0,0
2026-07-14,Espresso,51,450,1,0,0,0
2026-07-15,Croissant,42,280,2,0,0,0
2026-07-15,Pain au chocolat,25,320,2,0,0,0
2026-07-15,Sourdough Loaf,11,850,2,0,0,0
2026-07-15,Cinnamon Roll,21,250,2,0,0,0
2026-07-15,Espresso,57,450,2,0,0,0
2026-07-16,Croissant,41,280,3,0,0,0
2026-07-16,Pain au chocolat,27,320,3,0,0,0
2026-07-16,Sourdough Loaf,11,850,3,0,0,0
2026-07-16,Cinnamon Roll,23,250,3,0,0,0
2026-07-16,Espresso,64,450,3,0,0,0
2026-07-17,Croissant,53,280,4,0,1,0
2026-07-17,Pain au chocolat,33,320,4,0,1,0
2026-07-17,Sourdough Loaf,13,850,4,0,1,0
2026-07-17,Cinnamon Roll,28,250,4,0,1,0
2026-07-17,Espresso,64,450,4,0,1,0
2026-07-18,Croissant,125,280,5,0,0,1
2026-07-18,Pain au chocolat,87,320,5,0,0,1
2026-07-18,Sourdough Loaf,38,850,5,0,0,1
2026-07-18,Cinnamon Roll,70,250,5,0,0,1
2026-07-18,Espresso,157,450,5,0,0,1
2026-07-19,Croissant,140,280,6,0,0,1
2026-07-19,Pain au chocolat,87,320,6,0,0,1
2026-07-19,Sourdough Loaf,40,850,6,0,0,1
2026-07-19,Cinnamon Roll,73,250,6,0,0,1
2026-07-19,Espresso,162,450,6,0,0,1
2026-07-20,Croissant,39,280,0,0,0,0
2026-07-20,Pain au chocolat,27,320,0,0,0,0
2026-07-20,Sourdough Loaf,12,850,0,0,0,0
2026-07-20,Cinnamon Roll,19,250,0,0,0,0
2026-07-20,Espresso,62,450,0,0,0,0
2026-07-21,Croissant,41,280,1,0,0,0
2026-07-21,Pain au chocolat,25,320,1,0,0,0
2026-07-21,Sourdough Loaf,10,850,1,0,0,0
2026-07-21,Cinnamon Roll,17,250,1,0,0,0
2026-07-21,Espresso,57,450,1,0,0,0
2026-07-22,Croissant,43,280,2,0,0,0
2026-07-22,Pain au chocolat,27,320,2,0,0,0
2026-07-22,Sourdough Loaf,11,850,2,0,0,0
2026-07-22,Cinnamon Roll,23,250,2,0,0,0
2026-07-22,Espresso,56,450,2,0,0,0
2026-07-23,Croissant,48,280,3,0,0,0
2026-07-23,Pain au chocolat,28,320,3,0,0,0
2026-07-23,Sourdough Loaf,14,850,3,0,0,0
2026-07-23,Cinnamon Roll,24,250,3,0,0,0
2026-07-23,Espresso,67,450,3,0,0,0
2026-07-24,Croissant,56,280,4,0,0,0
2026-07-24,Pain au chocolat,34,320,4,0,0,0
2026-07-24,Sourdough Loaf,15,850,4,0,0,0
2026-07-24,Cinnamon Roll,30,250,4,0,0,0
2026-07-24,Espresso,71,450,4,0,0,0
2026-07-25,Croissant,72,280,5,0,0,0
2026-07-25,Pain au chocolat,44,320,5,0,0,0
2026-07-25,Sourdough Loaf,20,850,5,0,0,0
2026-07-25,Cinnamon Roll,42,250,5,0,0,0
2026-07-25,Espresso,92,450,5,0,0,0
2026-07-26,Croissant,77,280,6,0,0,0
2026-07-26,Pain au chocolat,50,320,6,0,0,0
2026-07-26,Sourdough Loaf,22,850,6,0,0,0
2026-07-26,Cinnamon Roll,41,250,6,0,0,0
2026-07-26,Espresso,85,450,6,0,0,0
2026-07-27,Croissant,36,280,0,0,1,0
2026-07-27,Pain au chocolat,21,320,0,0,1,0
2026-07-27,Sourdough Loaf,11,850,0,0,1,0
2026-07-27,Cinnamon Roll,19,250,0,0,1,0
2026-07-27,Espresso,54,450,0,0,1,0
2026-07-28,Croissant,41,280,1,0,0,0
2026-07-28,Pain au chocolat,23,320,1,0,0,0
2026-07-28,Sourdough Loaf,9,850,1,0,0,0
2026-07-28,Cinnamon Roll,18,250,1,0,0,0
2026-07-28,Espresso,58,450,1,0,0,0
2026-07-29,Croissant,46,280,2,0,0,0
2026-07-29,Pain au chocolat,25,320,2,0,0,0
2026-07-29,Sourdough Loaf,12,850,2,0,0,0
2026-07-29,Cinnamon Roll,22,250,2,0,0,0
2026-07-29,Espresso,57,450,2,0,0,0
2026-07-30,Croissant,47,280,3,0,0,0
2026-07-30,Pain au chocolat,29,320,3,0,0,0
2026-07-30,Sourdough Loaf,12,850,3,0,0,0
2026-07-30,Cinnamon Roll,27,250,3,0,0,0
2026-07-30,Espresso,66,450,3,0,0,0
2026-07-31,Croissant,53,280,4,0,0,0
2026-07-31,Pain au chocolat,36,320,4,0,0,0
2026-07-31,Sourdough Loaf,15,850,4,0,0,0
2026-07-31,Cinnamon Roll,30,250,4,0,0,0
2026-07-31,Espresso,68,450,4,0,0,0
2026-08-01,Croissant,68,280,5,0,0,0
2026-08-01,Pain au chocolat,45,320,5,0,0,0
2026-08-01,Sourdough Loaf,21,850,5,0,0,0
2026-08-01,Cinnamon Roll,39,250,5,0,0,0
2026-08-01,Espresso,83,450,5,0,0,0
2026-08-02,Croissant,78,280,6,0,0,0
2026-08-02,Pain au chocolat,43,320,6,0,0,0
2026-08-02,Sourdough Loaf,23,850,6,0,0,0
2026-08-02,Cinnamon Roll,37,250,6,0,0,0
2026-08-02,Espresso,88,450,6,0,0,0
2026-08-03,Croissant,38,280,0,0,0,0
2026-08-03,Pain au chocolat,23,320,0,0,0,0
2026-08-03,Sourdough Loaf,13,850,0,0,0,0
2026-08-03,Cinnamon Roll,20,250,0,0,0,0
2026-08-03,Espresso,61,450,0,0,0,0
2026-08-04,Croissant,38,280,1,0,0,0
2026-08-04,Pain au chocolat,25,320,1,0,0,0
2026-08-04,Sourdough Loaf,10,850,1,0,0,0
2026-08-04,Cinnamon Roll,17,250,1,0,0,0
2026-08-04,Espresso,58,450,1,0,0,0
2026-08-05,Croissant,41,280,2,0,0,0
2026-08-05,Pain au chocolat,24,320,2,0,0,0
2026-08-05,Sourdough Loaf,11,850,2,0,0,0
2026-08-05,Cinnamon Roll,24,250,2,0,0,0
2026-08-05,Espresso,60,450,2,0,0,0
2026-08-06,Croissant,44,280,3,0,0,0
2026-08-06,Pain au chocolat,28,320,3,0,0,0
2026-08-06,Sourdough Loaf,13,850,3,0,0,0
2026-08-06,Cinnamon Roll,28,250,3,0,0,0
2026-08-06,Espresso,63,450,3,0,0,0
2026-08-07,Croissant,56,280,4,0,0,0
2026-08-07,Pain au chocolat,37,320,4,0,0,0
2026-08-07,Sourdough Loaf,15,850,4,0,0,0
2026-08-07,Cinnamon Roll,30,250,4,0,0,0
2026-08-07,Espresso,69,450,4,0,0,0
2026-08-08,Croissant,70,280,5,0,0,0
2026-08-08,Pain au chocolat,45,320,5,0,0,0
2026-08-08,Sourdough Loaf,21,850,5,0,0,0
2026-08-08,Cinnamon Roll,38,250,5,0,0,0
2026-08-08,Espresso,88,450,5,0,0,0
2026-08-09,Croissant,75,280,6,0,0,0
2026-08-09,Pain au chocolat,50,320,6,0,0,0
2026-08-09,Sourdough Loaf,20,850,6,0,0,0
2026-08-09,Cinnamon Roll,42,250,6,0,0,0
2026-08-09,Espresso,92,450,6,0,0,0
2026-08-10,Croissant,17,280,0,0,1,0
2026-08-10,Pain au chocolat,6,320,0,0,1,0
2026-08-10,Sourdough Loaf,6,850,0,0,1,0
2026-08-10,Cinnamon Roll,7,250,0,0,1,0
2026-08-10,Espresso,26,450,0,0,1,0
2026-08-11,Croissant,12,280,1,0,1,0
2026-08-11,Pain au chocolat,10,320,1,0,1,0
2026-08-11,Sourdough Loaf,3,850,1,0,1,0
2026-08-11,Cinnamon Roll,6,250,1,0,1,0
2026-08-11,Espresso,26,450,1,0,1,0
2026-08-12,Croissant,15,280,2,0,1,0
2026-08-12,Pain au chocolat,10,320,2,0,1,0
2026-08-12,Sourdough Loaf,5,850,2,0,1,0
2026-08-12,Cinnamon Roll,9,250,2,0,1,0
2026-08-12,Espresso,22,450,2,0,1,0
2026-08-13,Croissant,42,280,3,0,1,0
2026-08-13,Pain au chocolat,29,320,3,0,1,0
2026-08-13,Sourdough Loaf,12,850,3,0,1,0
2026-08-13,Cinnamon Roll,23,250,3,0,1,0
2026-08-13,Espresso,60,450,3,0,1,0
2026-08-14,Croissant,58,280,4,0,0,0
2026-08-14,Pain au chocolat,37,320,4,0,0,0
2026-08-14,Sourdough Loaf,15,850,4,0,0,0
2026-08-14,Cinnamon Roll,28,250,4,0,0,0
2026-08-14,Espresso,76,450,4,0,0,0
2026-08-15,Croissant,66,280,5,0,0,0
2026-08-15,Pain au chocolat,46,320,5,0,0,0
2026-08-15,Sourdough Loaf,19,850,5,0,0,0
2026-08-15,Cinnamon Roll,38,250,5,0,0,0
2026-08-15,Espresso,86,450,5,0,0,0
2026-08-16,Croissant,76,280,6,0,0,0
2026-08-16,Pain au chocolat,51,320,6,0,0,0
2026-08-16,Sourdough Loaf,24,850,6,0,0,0
2026-08-16,Cinnamon Roll,41,250,6,0,0,0
2026-08-16,Espresso,89,450,6,0,0,0
2026-08-17,Croissant,42,280,0,0,0,0
2026-08-17,Pain au chocolat,26,320,0,0,0,0
2026-08-17,Sourdough Loaf,11,850,0,0,0,0
2026-08-17,Cinnamon Roll,21,250,0,0,0,0
2026-08-17,Espresso,62,450,0,0,0,0
2026-08-18,Croissant,37,280,1,0,0,0
2026-08-18,Pain au chocolat,26,320,1,0,0,0
2026-08-18,Sourdough Loaf,10,850,1,0,0,0
2026-08-18,Cinnamon Roll,18,250,1,0,0,0
2026-08-18,Espresso,55,450,1,0,0,0
2026-08-19,Croissant,39,280,2,0,1,0
2026-08-19,Pain au chocolat,22,320,2,0,1,0
2026-08-19,Sourdough Loaf,9,850,2,0,1,0
2026-08-19,Cinnamon Roll,22,250,2,0,1,0
2026-08-19,Espresso,51,450,2,0,1,0
2026-08-20,Croissant,43,280,3,0,0,0
2026-08-20,Pain au chocolat,25,320,3,0,0,0
2026-08-20,Sourdough Loaf,13,850,3,0,0,0
2026-08-20,Cinnamon Roll,23,250,3,0,0,0
2026-08-20,Espresso,67,450,3,0,0,0
2026-08-21,Croissant,58,280,4,0,0,0
2026-08-21,Pain au chocolat,34,320,4,0,0,0
2026-08-21,Sourdough Loaf,17,850,4,0,0,0
2026-08-21,Cinnamon Roll,31,250,4,0,0,0
2026-08-21,Espresso,69,450,4,0,0,0
2026-08-22,Croissant,61,280,5,0,0,0
2026-08-22,Pain au chocolat,50,320,5,0,0,0
2026-08-22,Sourdough Loaf,19,850,5,0,0,0
2026-08-22,Cinnamon Roll,35,250,5,0,0,0
2026-08-22,Espresso,89,450,5,0,0,0
2026-08-23,Croissant,84,280,6,0,0,0
2026-08-23,Pain au chocolat,53,320,6,0,0,0
2026-08-23,Sourdough Loaf,23,850,6,0,0,0
2026-08-23,Cinnamon Roll,41,250,6,0,0,0
2026-08-23,Espresso,94,450,6,0,0,0
2026-08-24,Croissant,38,280,0,0,1,0
2026-08-24,Pain au chocolat,23,320,0,0,1,0
2026-08-24,Sourdough Loaf,11,850,0,0,1,0
2026-08-24,Cinnamon Roll,18,250,0,0,1,0
2026-08-24,Espresso,53,450,0,0,1,0
2026-08-25,Croissant,37,280,1,0,0,0
2026-08-25,Pain au chocolat,22,320,1,0,0,0
2026-08-25,Sourdough Loaf,10,850,1,0,0,0
2026-08-25,Cinnamon Roll,17,250,1,0,0,0
2026-08-25,Espresso,52,450,1,0,0,0
2026-08-26,Croissant,42,280,2,0,0,0
2026-08-26,Pain au chocolat,28,320,2,0,0,0
2026-08-26,Sourdough Loaf,12,850,2,0,0,0
2026-08-26,Cinnamon Roll,20,250,2,0,0,0
2026-08-26,Espresso,55,450,2,0,0,0
2026-08-27,Croissant,47,280,3,0,0,0
2026-08-27,Pain au chocolat,27,320,3,0,0,0
2026-08-27,Sourdough Loaf,13,850,3,0,0,0
2026-08-27,Cinnamon Roll,26,250,3,0,0,0
2026-08-27,Espresso,59,450,3,0,0,0
2026-08-28,Croissant,55,280,4,0,0,0
2026-08-28,Pain au chocolat,33,320,4,0,0,0
2026-08-28,Sourdough Loaf,15,850,4,0,0,0
2026-08-28,Cinnamon Roll,30,250,4,0,0,0
2026-08-28,Espresso,64,450,4,0,0,0
2026-08-29,Croissant,72,280,5,0,0,0
2026-08-29,Pain au chocolat,45,320,5,0,0,0
2026-08-29,Sourdough Loaf,21,850,5,0,0,0
2026-08-29,Cinnamon Roll,38,250,5,0,0,0
2026-08-29,Espresso,91,450,5,0,0,0
2026-08-30,Croissant,75,280,6,0,0,0
2026-08-30,Pain au chocolat,49,320,6,0,0,0
2026-08-30,Sourdough Loaf,22,850,6,0,0,0
2026-08-30,Cinnamon Roll,41,250,6,0,0,0
2026-08-30,Espresso,90,450,6,0,0,0
2026-08-31,Croissant,40,280,0,0,0,0
2026-08-31,Pain au chocolat,24,320,0,0,0,0
2026-08-31,Sourdough Loaf,12,850,0,0,0,0
2026-08-31,Cinnamon Roll,19,250,0,0,0,0
2026-08-31,Espresso,65,450,0,0,0,0
2026-09-01,Croissant,36,280,1,0,0,0
2026-09-01,Pain au chocolat,23,320,1,0,0,0
2026-09-01,Sourdough Loaf,10,850,1,0,0,0
2026-09-01,Cinnamon Roll,19,250,1,0,0,0
2026-09-01,Espresso,54,450,1,0,0,0
2026-09-02,Croissant,45,280,2,0,0,0
2026-09-02,Pain au chocolat,25,320,2,0,0,0
2026-09-02,Sourdough Loaf,11,850,2,0,0,0
2026-09-02,Cinnamon Roll,21,250,2,0,0,0
2026-09-02,Espresso,64,450,2,0,0,0
2026-09-03,Croissant,42,280,3,0,0,0
2026-09-03,Pain au chocolat,28,320,3,0,0,0
2026-09-03,Sourdough Loaf,13,850,3,0,0,0
2026-09-03,Cinnamon Roll,26,250,3,0,0,0
2026-09-03,Espresso,61,450,3,0,0,0
2026-09-04,Croissant,55,280,4,0,0,0
2026-09-04,Pain au chocolat,35,320,4,0,0,0
2026-09-04,Sourdough Loaf,15,850,4,0,0,0
2026-09-04,Cinnamon Roll,31,250,4,0,0,0
2026-09-04,Espresso,78,450,4,0,0,0
2026-09-05,Croissant,68,280,5,0,0,0
2026-09-05,Pain au chocolat,42,320,5,0,0,0
2026-09-05,Sourdough Loaf,20,850,5,0,0,0
2026-09-05,Cinnamon Roll,43,250,5,0,0,0
2026-09-05,Espresso,82,450,5,0,0,0
2026-09-06,Croissant,81,280,6,0,0,0
2026-09-06,Pain au chocolat,54,320,6,0,0,0
2026-09-06,Sourdough Loaf,21,850,6,0,0,0
2026-09-06,Cinnamon Roll,41,250,6,0,0,0
2026-09-06,Espresso,97,450,6,0,0,0
2026-09-07,Croissant,39,280,0,0,0,0
2026-09-07,Pain au chocolat,25,320,0,0,0,0
2026-09-07,Sourdough Loaf,12,850,0,0,0,0
2026-09-07,Cinnamon Roll,19,250,0,0,0,0
2026-09-07,Espresso,58,450,0,0,0,0
2026-09-08,Croissant,36,280,1,0,0,0
2026-09-08,Pain au chocolat,24,320,1,0,0,0
2026-09-08,Sourdough Loaf,10,850,1,0,0,0
2026-09-08,Cinnamon Roll,18,250,1,0,0,0
2026-09-08,Espresso,51,450,1,0,0,0
2026-09-09,Croissant,43,280,2,0,0,0
2026-09-09,Pain au chocolat,27,320,2,0,0,0
2026-09-09,Sourdough Loaf,10,850,2,0,0,0
2026-09-09,Cinnamon Roll,22,250,2,0,0,0
2026-09-09,Espresso,62,450,2,0,0,0
2026-09-10,Croissant,39,280,3,0,1,0
2026-09-10,Pain au chocolat,28,320,3,0,1,0
2026-09-10,Sourdough Loaf,12,850,3,0,1,0
2026-09-10,Cinnamon Roll,22,250,3,0,1,0
2026-09-10,Espresso,57,450,3,0,1,0
2026-09-11,Croissant,57,280,4,0,0,0
2026-09-11,Pain au chocolat,35,320,4,0,0,0
2026-09-11,Sourdough Loaf,15,850,4,0,0,0
2026-09-11,Cinnamon Roll,29,250,4,0,0,0
2026-09-11,Espresso,71,450,4,0,0,0
2026-09-12,Croissant,65,280,5,0,0,0
2026-09-12,Pain au chocolat,45,320,5,0,0,0
2026-09-12,Sourdough Loaf,19,850,5,0,0,0
2026-09-12,Cinnamon Roll,37,250,5,0,0,0
2026-09-12,Espresso,90,450,5,0,0,0
2026-09-13,Croissant,79,280,6,0,0,0
2026-09-13,Pain au chocolat,52,320,6,0,0,0
2026-09-13,Sourdough Loaf,21,850,6,0,0,0
2026-09-13,Cinnamon Roll,39,250,6,0,0,0
2026-09-13,Espresso,95,450,6,0,0,0
2026-09-14,Croissant,37,280,0,0,1,0
2026-09-14,Pain au chocolat,26,320,0,0,1,0
2026-09-14,Sourdough Loaf,11,850,0,0,1,0
2026-09-14,Cinnamon Roll,19,250,0,0,1,0
2026-09-14,Espresso,54,450,0,0,1,0
2026-09-15,Croissant,38,280,1,0,0,0
2026-09-15,Pain au chocolat,24,320,1,0,0,0
2026-09-15,Sourdough Loaf,10,850,1,0,0,0
2026-09-15,Cinnamon Roll,19,250,1,0,0,0
2026-09-15,Espresso,53,450,1,0,0,0
2026-09-16,Croissant,39,280,2,0,0,0
2026-09-16,Pain au chocolat,24,320,2,0,0,0
2026-09-16,Sourdough Loaf,11,850,2,0,0,0
2026-09-16,Cinnamon Roll,21,250,2,0,0,0
2026-09-16,Espresso,52,450,2,0,0,0
2026-09-17,Croissant,46,280,3,0,0,0
2026-09-17,Pain au chocolat,31,320,3,0,0,0
2026-09-17,Sourdough Loaf,13,850,3,0,0,0
2026-09-17,Cinnamon Roll,26,250,3,0,0,0
2026-09-17,Espresso,62,450,3,0,0,0
2026-09-18,Croissant,55,280,4,0,0,0
2026-09-18,Pain au chocolat,37,320,4,0,0,0
2026-09-18,Sourdough Loaf,15,850,4,0,0,0
2026-09-18,Cinnamon Roll,30,250,4,0,0,0
2026-09-18,Espresso,71,450,4,0,0,0
2026-09-19,Croissant,68,280,5,0,0,0
2026-09-19,Pain au chocolat,47,320,5,0,0,0
2026-09-19,Sourdough Loaf,20,850,5,0,0,0
2026-09-19,Cinnamon Roll,37,250,5,0,0,0
2026-09-19,Espresso,87,450,5,0,0,0
2026-09-20,Croissant,72,280,6,0,0,0
2026-09-20,Pain au chocolat,50,320,6,0,0,0
2026-09-20,Sourdough Loaf,22,850,6,0,0,0
2026-09-20,Cinnamon Roll,42,250,6,0,0,0
2026-09-20,Espresso,92,450,6,0,0,0
2026-09-21,Croissant,40,280,0,0,0,0
2026-09-21,Pain au chocolat,26,320,0,0,0,0
2026-09-21,Sourdough Loaf,13,850,0,0,0,0
2026-09-21,Cinnamon Roll,21,250,0,0,0,0
2026-09-21,Espresso,60,450,0,0,0,0
2026-09-22,Croissant,36,280,1,0,0,0
2026-09-22,Pain au chocolat,23,320,1,0,0,0
2026-09-22,Sourdough Loaf,10,850,1,0,0,0
2026-09-22,Cinnamon Roll,17,250,1,0,0,0
2026-09-22,Espresso,54,450,1,0,0,0
2026-09-23,Croissant,42,280,2,0,0,0
2026-09-23,Pain au chocolat,27,320,2,0,0,0
2026-09-23,Sourdough Loaf,11,850,2,0,0,0
2026-09-23,Cinnamon Roll,23,250,2,0,0,0
2026-09-23,Espresso,58,450,2,0,0,0
2026-09-24,Croissant,41,280,3,0,0,0
2026-09-24,Pain au chocolat,27,320,3,0,0,0
2026-09-24,Sourdough Loaf,13,850,3,0,0,0
2026-09-24,Cinnamon Roll,23,250,3,0,0,0
2026-09-24,Espresso,64,450,3,0,0,0
2026-09-25,Croissant,59,280,4,0,0,0
2026-09-25,Pain au chocolat,37,320,4,0,0,0
2026-09-25,Sourdough Loaf,15,850,4,0,0,0
2026-09-25,Cinnamon Roll,32,250,4,0,0,0
2026-09-25,Espresso,71,450,4,0,0,0
2026-09-26,Croissant,69,280,5,0,0,0
2026-09-26,Pain au chocolat,44,320,5,0,0,0
2026-09-26,Sourdough Loaf,20,850,5,0,0,0
2026-09-26,Cinnamon Roll,37,250,5,0,0,0
2026-09-26,Espresso,86,450,5,0,0,0
2026-09-27,Croissant,70,280,6,0,1,0
2026-09-27,Pain au chocolat,46,320,6,0,1,0
2026-09-27,Sourdough Loaf,21,850,6,0,1,0
2026-09-27,Cinnamon Roll,39,250,6,0,1,0
2026-09-27,Espresso,87,450,6,0,1,0
2026-09-28,Croissant,37,280,0,0,0,0
2026-09-28,Pain au chocolat,22,320,0,0,0,0
2026-09-28,Sourdough Loaf,13,850,0,0,0,0
2026-09-28,Cinnamon Roll,19,250,0,0,0,0
2026-09-28,Espresso,59,450,0,0,0,0
2026-09-29,Croissant,36,280,1,0,0,0
2026-09-29,Pain au chocolat,22,320,1,0,0,0
2026-09-29,Sourdough Loaf,10,850,1,0,0,0
2026-09-29,Cinnamon Roll,19,250,1,0,0,0
2026-09-29,Espresso,53,450,1,0,0,0
2026-09-30,Croissant,37,280,2,0,0,0
2026-09-30,Pain au chocolat,25,320,2,0,0,0
2026-09-30,Sourdough Loaf,11,850,2,0,0,0
2026-09-30,Cinnamon Roll,20,250,2,0,0,0
2026-09-30,Espresso,59,450,2,0,0,0
